,Price
0,12062.736074078488
1,4866.2604844185835
2,13924.668639305053
3,10741.488769878997
4,4570.06228195549
5,11181.092182847051
6,9309.517402231995
7,6506.787070252795
8,4667.523718851742
9,12486.438638955582
10,11212.712816393187
11,6275.401719143806
12,12768.626151570503
13,10602.391010799869
14,11729.206472766231
15,14741.72965118146
16,9046.523690490729
17,11379.744722507427
18,11679.442520348777
19,13257.254792017857
20,12361.330395845494
21,11289.124843910888
22,12721.67959025975
23,13802.583021688633
24,5270.501965001844
25,10629.091547111917
26,4647.813102195469
27,13460.431047954133
28,11524.417709010362
29,12137.253177864199
30,4742.984854499869
31,7705.935362670179
32,14104.124576839296
33,6648.108680353316
34,5715.412445406426
35,3746.426812180927
36,5745.687532762753
37,20686.983247798686
38,11536.495152387613
39,8906.567297190908
40,3957.7504361276992
41,10985.277743272636
42,2189.1137660258323
43,8188.897772123391
44,6775.23961207989
45,3944.059423035634
46,17021.604702970322
47,3169.2123492099963
48,9074.986724449422
49,9668.010693747576
50,13111.737346709097
51,10501.646829219693
52,12100.016488710078
53,13275.265838087864
54,3682.5006331754166
55,6123.402715596434
56,6521.078884506594
57,8085.963121870692
58,6130.973319118054
59,9294.021355344155
60,10391.472686639276
61,11948.766327683292
62,5932.972598359886
63,7393.4783629438825
64,6575.519511701289
65,4544.236046115546
66,6096.342705861672
67,10613.049967944573
68,4582.920138580392
69,11090.080357638784
70,3364.080269524033
71,13660.732832225078
72,9733.307904726526
73,7910.489648465509
74,3986.0945450946297
75,6524.706974060387
76,4002.0877757674375
77,13506.742227473225
78,7565.025971163
79,11538.866921964833
80,4177.283402027594
81,9152.098383707986
82,6626.156156421399
83,4493.955351144044
84,9007.369958536554
85,8942.951611821043
86,3782.843928890954
87,13337.245494948835
88,4050.12818904706
89,11903.814832764914
90,11709.639062411436
91,11679.824507157295
92,6305.146149370104
93,9356.924433477086
94,3033.6337342176366
95,3171.8907450731663
96,11898.990086606877
97,12100.701454921198
98,2749.101211236159
99,11670.636881293189
100,6675.098420869858
101,10461.757553307105
102,13971.765441830767
103,9626.696921557803
104,4416.977008174017
105,11111.647935261626
106,2785.6714298079446
107,14504.193699708234
108,7779.680975406523
109,9567.936455808589
110,16186.256341522443
111,17431.505744609298
112,3826.152839327029
113,5618.879050838297
114,8647.306472626458
115,12691.573004680065
116,11654.301254891687
117,6090.370836765936
118,16974.208388569346
119,8513.653544436813
120,12455.030914559542
121,12285.046364114874
122,4497.805957053348
123,6161.36679092415
124,6098.445719253762
125,12211.069204340542
126,4786.416645257901
127,5724.510118173486
128,6344.491987273065
129,4535.0326173243375
130,16499.93009762354
131,6021.821068717653
132,6653.300397750375
133,4688.52609715236
134,5791.3877451792705
135,12441.233653130992
136,11528.892438028519
137,4048.5781475989857
138,5366.408094349191
139,8144.062368620734
140,13130.159852146626
141,11429.319911198216
142,14613.598614113687
143,12646.09060719943
144,7220.11947681513
145,7323.951071603318
146,4746.018324379538
147,5597.853460123881
148,11921.52710445694
149,8087.574950093623
150,12400.566305766424
151,11681.539200993082
152,11830.740938522578
153,6249.4511674620135
154,3995.3550541461727
155,3777.254372178175
156,4967.056724594647
157,4453.066111414105
158,12100.605434621068
159,4547.346588641383
160,6406.191917435544
161,9561.790032859015
162,5149.932121836609
163,4337.539575454128
164,3991.4002810368825
165,5686.9619664345
166,10523.321470718223
167,3922.913320161464
168,7712.403231802831
169,6188.271227816885
170,12772.866363599776
171,12400.515704564299
172,6830.596727531341
173,4016.428434156552
174,11945.140807590662
175,3952.5839474413738
176,6515.2587363633875
177,12388.112505754898
178,8263.38436900077
179,11538.866921964833
180,8686.821128017225
181,2876.063116556039
182,3866.6807513238286
183,16794.24109860455
184,12806.215722437446
185,9812.954544240383
186,11778.539163495941
187,11209.761268827175
188,7098.819989673912
189,3765.119791232987
190,10769.639978162593
191,13380.996514054861
192,2325.154679532304
193,8939.432237614334
194,10837.376741199552
195,4116.8785180277855
196,11036.237860391702
197,8260.047585166556
198,6340.591494278563
199,7164.93437198062
200,12775.563500207465
201,11909.97126971761
202,10150.499397592957
203,3648.2539795515477
204,7521.056909250616
205,3746.426812180927
206,10232.3540811369
207,12140.713098148566
208,11922.75373254117
209,9278.287463299028
210,5969.5774854537285
211,10480.41376840452
212,11650.840834300185
213,5782.286592042464
214,25101.331312045644
215,11080.43163600985
216,12376.73184360672
217,12229.905725724444
218,12290.278301858769
219,16478.59291766769
220,4223.424206818036
221,6712.648013186254
222,11556.544224163345
223,4123.552634750979
224,4453.672111591445
225,10189.001878566527
226,5031.104072923811
227,3445.6490073586397
228,6218.296640850753
229,12086.923464431835
230,11642.811715767266
231,11614.819028277083
232,4984.262127164972
233,28317.734382314695
234,4240.7891260257875
235,8828.23501822084
236,18111.32217894698
237,4695.2685093238415
238,10752.598573049243
239,6955.323991269421
240,11633.884518037486
241,11245.784345277525
242,15055.399212212289
243,5189.2466357936255
244,18118.04013013361
245,14786.720857846009
246,11370.840165747035
247,5324.151506235543
248,10744.151281307597
249,6566.519577333805
250,18350.166556334214
251,11246.075748448116
252,15364.686487089799
253,7036.903265396087
254,9293.034790038575
255,12474.192789974222
256,9470.148251075365
257,5956.183006874899
258,12677.085573657854
259,7854.5171300327
260,13548.746806291607
261,3255.9505900846502
262,5120.978992867356
263,12185.392254156102
264,6491.617218497925
265,6492.495682105246
266,14535.997648929375
267,4542.690323374036
268,12664.791007392416
269,13610.704002457469
270,12288.743958739318
271,12223.893478053424
272,5080.833787290073
273,7231.8708833519395
274,9104.878757500499
275,3733.4190303031382
276,8810.302606613644
277,11505.764765570393
278,12462.3359707271
279,6305.364151482623
280,6508.646663403471
281,12009.528884833626
282,21252.37263375175
283,8815.27393408119
284,8334.477910185982
285,4105.341783198512
286,6258.091176143974
287,7115.5923703957405
288,5723.834865036597
289,8013.814521765448
290,16788.713376048105
291,12850.163386591752
292,11666.411072936686
293,8868.05769810231
294,12140.713098148566
295,12857.138993917777
296,12283.48006380006
297,14072.376407869477
298,9505.180716644722
299,11404.649739645442
300,6370.163484972703
301,5101.716711816195
302,6131.715600720497
303,11040.309604814165
304,9936.614763744741
305,6664.192513922453
306,11687.07444405766
307,4315.795432649842
308,9385.967718180102
309,5883.260574200514
310,4563.241613570454
311,9586.939372260646
312,13319.835631788308
313,12732.447215765538
314,6359.671535915799
315,10334.178574094058
316,7852.074310110568
317,12688.78171449712
318,11894.771658216428
319,6986.2853521711
320,12007.473248520953
321,6759.897790237873
322,6754.203753583616
323,11504.871612833675
324,13140.745523104328
325,3912.739775526774
326,11477.865589937153
327,11789.247528177693
328,7553.013297183888
329,11867.826366663843
330,6281.739530406432
331,5276.688279453985
332,3007.5609897713666
333,4629.506685797175
334,6699.207008433289
335,6147.162317262525
336,14398.822865381067
337,11222.288180206571
338,7787.049035726829
339,12268.503739789565
340,3916.0562504484597
341,12155.609232826911
342,12614.101091145283
343,2837.71104230373
344,13192.661409441522
345,4722.793816650072
346,11650.161623968346
347,5598.461792555422
348,10810.0181730057
349,15156.680885629763
350,14310.259348017491
351,8454.792099723136
352,9535.07281504571
353,10935.267748592873
354,11539.467160816632
355,6624.580916867341
356,25381.283926972752
357,11733.024060916254
358,5858.4594470168395
359,9490.07624729936
360,4493.002991024085
361,5504.169894557927
362,4515.419266765975
363,11325.838388675369
364,9412.55693538591
365,9718.597428435532
366,5783.482393988621
367,9724.997800456302
368,6093.573610863741
369,10443.062665270596
370,4176.240315278841
371,9086.040347335127
372,3746.426812180927
373,4727.446561565088
374,11399.447336197201
375,10379.10638060653
376,10750.938713787753
377,10752.800757988407
378,6189.093785555519
379,7409.745323790111
380,7294.415380817151
381,12199.785703543621
382,10928.499724543573
383,5476.0931564495395
384,6192.608783142113
385,14722.175962042473
386,4707.106788149788
387,3875.848818520251
388,4676.648947680717
389,12351.541430545705
390,12836.302451461443
391,10768.559190234171
392,4217.51321723395
393,6647.533818278203
394,15416.493205288909
395,6446.89078535972
396,8182.192752954912
397,5977.610523064959
398,24205.15411648253
399,4315.113927817583
400,11900.407849767149
401,4664.883195510812
402,11838.23078083961
403,4399.682673401186
404,9064.535610203857
405,12160.774228280197
406,4297.544901603788
407,8743.566884253842
408,17734.216517249908
409,11692.468096571884
410,9124.517750083192
411,3882.814746994996
412,12287.452223431399
413,13411.709140809267
414,12223.329485830584
415,5106.699257559049
416,12697.538646376268
417,12169.386172818431
418,12866.686710153524
419,5802.703218016244
420,13510.336644287318
421,4564.906145892016
422,6360.5948100568785
423,13780.474249564784
424,13717.48072908811
425,4722.613287543165
426,6759.143029030822
427,4868.266628392882
428,6440.749116612909
429,11622.753376933151
430,15572.536001648741
431,11113.384607286518
432,4660.540081352003
433,3891.372443617257
434,4838.218272958894
435,11143.870948815682
436,5003.102459576421
437,12107.62553557567
438,11776.89819011943
439,9818.660827869222
440,8777.68109807868
441,6668.8792377005275
442,12583.460730857243
443,3682.5006331754166
444,9179.373534893393
445,8695.184309116345
446,12074.477952498408
447,3851.4077721764606
448,16503.72296984944
449,11873.29858880022
450,8728.761167368015
451,11668.493367256258
452,6851.190335826001
453,9201.854842388295
454,13685.845912893637
455,7672.869981056912
456,4556.568888966463
457,12473.348667856311
458,6998.122947541279
459,11954.773079079632
460,19255.859573960228
461,13692.662329807148
462,11660.232534791447
463,12092.85884082686
464,5242.833012385146
465,13907.834693243687
466,8222.009811050682
467,7418.909689259504
468,5597.853460123881
469,10076.371916983395
470,8999.145504056614
471,11280.948629412085
472,4249.383926906636
473,11723.47145648506
474,14720.53469490194
475,6440.749116612909
476,4505.773536838841
477,5100.9984020286565
478,9901.129148892449
479,11792.695022647182
480,8595.11887660884
481,11549.532791014299
482,8432.527628988832
483,11738.936738396706
484,12045.628705727848
485,17848.933880306133
486,12010.627511195682
487,6561.4609378754985
488,13566.745386229035
489,12729.01014850293
490,9647.006737101337
491,11919.306431956615
492,12628.925099105081
493,12037.422604598647
494,4032.1850742559113
495,4661.987808285279
496,14016.006703580782
497,12074.477952498408
498,6710.677509892556
499,12297.067403871295
500,5685.429707022958
501,13823.033167376125
502,7543.020663485338
503,12303.257203484285
504,3913.893795723644
505,11139.520236974295
506,13820.744390986125
507,13130.150619364256
508,4541.48195816161
509,8161.2176397774665
510,8252.03013706995
511,8810.75239993126
512,4932.576463278559
513,3026.3215977681552
514,14720.39474457273
515,8184.683327497316
516,7053.3012636512
517,7315.269409467206
518,4559.043840809938
519,3801.565784284658
520,5834.322884862026
521,14293.588183487489
522,6020.919928577238
523,12285.61441951906
524,12120.161037415966
525,11622.554596374493
526,2851.674866613971
527,9306.816281633082
528,6462.847733708236
529,2189.1137660258323
530,6942.276318145835
531,17590.662827854052
532,6382.826290418463
533,12597.377596977218
534,5156.39523675227
535,11013.256118142524
536,12666.200688215098
537,11708.906982336932
538,4689.47277847233
539,6437.6488253580355
540,5907.3195783750625
541,4429.988655190959
542,8174.303613269696
543,2743.7295801109826
544,15510.868937651036
545,12913.959492536493
546,4546.596754343464
547,8578.830827283702
548,12390.728323468958
549,5111.274526699366
550,5808.476843097166
551,9224.091491323488
552,4333.965556101767
553,7573.155613362048
554,12039.293486209179
555,7599.269133851631
556,2696.4096213592693
557,3061.0899365656473
558,4296.130369759091
559,3944.435032143753
560,13645.649417149147
561,9012.173015135755
562,6947.020029683648
563,13356.310023337042
564,7005.039241520059
565,8147.664701474546
566,12499.683396133623
567,6116.277598808268
568,8162.220630184197
569,6649.203844700876
570,14246.183839460144
571,6601.9795365344835
572,8279.058724822726
573,11150.111950797485
574,12002.805859384482
575,8050.8285816935295
576,11446.631361561334
577,12432.683391741135
578,11054.09925764467
579,9243.927864224757
580,6907.678118865252
581,10911.022987893646
582,12527.813106660527
583,10763.284280233567
584,6174.271106150355
585,12321.7395786364
586,8811.178421649225
587,3010.683978252487
588,6838.008927534229
589,5065.072942802296
590,6171.366898612086
591,10283.696058766023
592,4885.428804671001
593,10999.153039490555
594,8642.489430249934
595,7294.3894366325685
596,13575.912784727678
597,6706.6461174108435
598,7063.867400301608
599,8476.301735060064
600,9066.182344942246
601,9412.12485156443
602,13960.1088348212
603,5063.87060688807
604,6295.544091827548
605,16726.555438857074
606,6542.569102618361
607,11924.981452598975
608,6381.388409505722
609,8977.102139592993
610,9192.63663375811
611,5334.994425235143
612,12654.672580825998
613,11809.822886347623
614,4227.090268600862
615,4747.9658306191395
616,5704.797719495009
617,4793.006760374084
618,12299.21486000102
619,12101.178302451193
620,11570.54761146547
621,6187.35839754242
622,13707.108871812308
623,6163.541975656773
624,27167.670948226034
625,16669.107153712197
626,8967.883644277556
627,3326.0160348795907
628,11459.309207807317
629,2655.4210188725747
630,3995.7359323745377
631,6333.382108574956
632,14170.030948922626
633,15768.467650243054
634,11498.125614326489
635,13163.275025864239
636,4625.227407925172
637,17290.561729688063
638,6735.317698334638
639,5999.369510351714
640,16017.982956553622
641,6805.82969286141
642,8367.593212036172
643,4751.664186825232
644,10629.091547111917
645,10510.089841924399
646,3612.1066385116233
647,28822.497883409367
648,10251.3436141295
649,6774.564687454076
650,9120.682232708918
651,9050.538932093188
652,6797.585542334313
653,4707.478505317357
654,4696.327271775394
655,10563.324904631205
656,4113.517393913442
657,12573.3087647219
658,8144.400880004983
659,6833.206164472506
660,12495.949420155257
661,4672.871494527155
662,15082.163681896018
663,6133.34906595265
664,9704.963536847337
665,4145.601574094211
666,7201.5617473350885
667,8122.8188269798175
668,7304.813859975682
669,4012.9656068454838
670,13706.652902605441
671,5752.407177275612
672,6113.256414399441
673,9726.95343162184
674,11738.187408832713
675,11385.381165750672
676,5774.737324471434
677,12590.63314140492
678,4222.620945597336
679,10212.928178137727
680,9196.585482623203
681,8409.195142726328
682,4990.475236797883
683,13166.982717145984
684,4688.223764260898
685,6625.439661494275
686,7751.9728366337795
687,6187.781410193462
688,8169.229298328649
689,8638.986876594678
690,4620.263733285369
691,16304.899270519572
692,5787.318091819391
693,4087.797046743576
694,10932.768192824577
695,10819.326156270625
696,6455.2297174299865
697,8372.378472075108
698,12391.370954355103
699,5834.583295652864
700,11200.69494185071
701,6326.652439379112
702,7427.878316573565
703,11401.153211926392
704,8266.884679570741
705,9295.140111003344
706,11844.217718573736
707,6635.10780519645
708,6114.471681107376
709,28405.34248936897
710,12807.99995713931
711,3900.467484580263
712,11536.179743066758
713,6831.953866846651
714,7962.598863690771
715,4789.710174099943
716,12643.5381476026
717,12071.888176072216
718,12563.796218837835
719,18471.185824218563
720,11480.256551129121
721,6904.199327513494
722,10465.51534686372
723,9389.327943274664
724,13998.89466423154
725,11943.642042630194
726,4599.388954610379
727,13062.676338649808
728,6443.578461779298
729,12411.98875882162
730,5134.612240649724
731,8839.138689857073
732,3818.5109838596763
733,6022.752474856113
734,12635.170768117336
735,13660.732832225078
736,8978.252241099699
737,9229.991723849855
738,3951.020766931855
739,4081.265900733435
740,12717.324093556672
741,13802.583021688633
742,12582.383144637513
743,11674.69559389744
744,6290.254204870138
745,7160.887943896506
746,5604.584711583156
747,22501.10024164264
748,12101.292640102172
749,4477.260987620656
750,10530.165770060312
751,6561.79881075858
752,6579.503755729813
753,12397.52573205061
754,6710.323842923774
755,9225.984504426839
756,9722.863981827693
757,7154.719066646578
758,6470.781976344618
759,4128.370225467167
760,7185.963223413645
761,14441.828188296298
762,6291.7453988502875
763,6144.843708526458
764,4712.279804571423
765,10584.269997985855
766,8066.239553159966
767,3781.763053887777
768,12140.713098148566
769,3202.603166207895
770,9201.541755672044
771,9094.756660896483
772,11516.369512851332
773,5210.438607406541
774,12746.984929840091
775,4905.740934619568
776,10458.449247806571
777,3781.3368463446054
778,12473.709857975804
779,5132.265125642491
780,10281.614996259836
781,8859.924931693567
782,11410.438904544726
783,6411.566790967938
784,9641.962860758218
785,15114.392797491178
786,13173.033389466878
787,6042.561042896235
788,17101.74642378419
789,12864.938156936876
790,13660.732832225078
791,6259.675177847811
792,4421.4517857843975
793,13375.458026358496
794,12140.713098148566
795,5608.8816106686145
796,12093.089032352163
797,3525.152095994491
798,6438.917270911846
799,4762.706753205291
800,10176.339425634236
801,13167.288925395826
802,8229.497844425687
803,12332.819233824108
804,10250.051823898735
805,11700.2059412093
806,16474.20858120774
807,3860.397598266529
808,10008.728078362943
809,10577.53239105178
810,12807.99995713931
811,12374.777105321446
812,6819.513647632141
813,8696.485072397478
814,7371.175179019339
815,10832.15853144322
816,6798.918313224101
817,9924.300026672518
818,6820.54083908777
819,12562.84564603571
820,8939.432237614334
821,6712.853573083723
822,13949.75132966118
823,13098.719039803136
824,10682.798428768878
825,6810.591998410674
826,3979.07923081246
827,4309.260083645035
828,5285.777236225916
829,10257.24186007718
830,10179.506701608156
831,15167.59836963019
832,12748.833627737606
833,12582.134783856309
834,12087.774502507144
835,10717.405646095238
836,3172.983601761341
837,9444.40882182143
838,13136.143752167925
839,11604.527694941264
840,6148.777280995095
841,3971.3936392796495
842,4736.589618519036
843,6163.076044384845
844,13872.43695960331
845,11952.099471696902
846,5951.068170554569
847,6674.808976387447
848,8221.58074090179
849,5223.4302846230685
850,7739.106229368656
851,10349.2784433163
852,8132.344618272971
853,5400.8569118214255
854,6834.193574312104
855,5011.527311679257
856,12607.06161446142
857,5821.070521926938
858,4769.012749262669
859,4446.448130274941
860,11878.320524343859
861,13037.1435274783
862,12122.412629171151
863,11938.510896537578
864,9490.41122819548
865,11235.387877265768
866,4203.576000874323
867,13337.245494948835
868,8820.045075534195
869,3923.2507360296413
870,7756.98459602132
871,12654.87148477395
872,16931.018936717614
873,11150.19658907308
874,4309.967046225888
875,19058.410559123186
876,8854.268409806375
877,14350.289109369165
878,3973.2675503915048
879,9226.602239020369
880,16881.405878363013
881,4015.490998411276
882,6151.3953861872305
883,6246.321628241758
884,15165.11419599789
885,10148.732215535505
886,5686.9619664345
887,3896.385010413833
888,12980.81130056496
889,8804.960403358004
890,4265.417948624363
891,4026.613698263551
892,8043.145444571512
893,4253.181256988994
894,4191.093146832567
895,8676.9263499544
896,12106.469155105076
897,8433.185226119918
898,6442.826119440263
899,10590.974580870636
900,4217.51321723395
901,8537.931698077777
902,10637.062334404596
903,14603.812472301448
904,12621.554593147679
905,10622.302235823852
906,4089.191963855762
907,6042.140567823355
908,3057.957996350389
909,5977.610523064959
910,13948.566979290514
911,13165.504284885475
912,5956.183006874899
913,3867.4260984382436
914,9321.554248666576
915,15548.928564394892
916,10524.275812612934
917,10832.15853144322
918,3685.2097340218834
919,8052.172047611698
920,6761.636805004176
921,11709.62011476414
922,4609.242328970464
923,6143.097223265234
924,8001.212321428055
925,13401.094966148969
926,11759.893660942615
927,11565.911994044365
928,5277.916960236542
929,13520.493341365724
930,4989.976228459329
931,12179.80106982411
932,3680.111282832553
933,6052.048982694247
934,9022.592000867691
935,8994.229706636017
936,5779.980779705537
937,11356.714546758218
938,6406.815667916703
939,11994.494444070091
940,10326.90197151071
941,4190.580605093958
942,3735.935369716369
943,12543.56464559975
944,5922.127152316827
945,6567.584830835648
946,4624.930623980036
947,11534.366069204445
948,12551.222174985232
949,6396.308878498577
950,14465.155711061725
951,3781.3368463446054
952,6801.072404939226
953,12491.507428754801
954,25908.519161454173
955,4156.454077627979
956,7494.10775814159
957,5370.537543710844
958,11542.416656630565
959,12855.733151958471
960,12337.71095004617
961,11783.653679276695
962,5747.451189323507
963,14361.93158845786
964,5576.404196389034
965,9844.41344589255
966,15756.601878615078
967,4493.14428396278
968,18471.185824218563
969,8472.17083940851
970,5287.80596138194
971,10348.240757300147
972,4671.5593325781865
973,3171.8907450731663
974,12223.893478053424
975,9064.862265946556
976,3016.878313371501
977,13907.834693243687
978,6093.2452568424505
979,11913.771161364737
980,11643.985576619814
981,4497.805957053348
982,6898.606885396768
983,12000.287893005592
984,5394.144454075194
985,7947.171685267854
986,4354.012533008489
987,10037.763120151263
988,11728.036957692828
989,4217.51321723395
990,6620.698034534367
991,6611.830796738736
992,10140.428741844751
993,4112.022237888483
994,15703.440748974614
995,5482.986544151969
996,5630.819947957022
997,8710.017006788106
998,5776.766526536137
999,10565.814178203356
1000,4371.51365115821
1001,12946.529844290077
1002,4176.240315278841
1003,5875.544640041085
1004,15074.64974037028
1005,14046.704091130126
1006,10927.098045033088
1007,12169.920151253007
1008,9255.549983205814
1009,5523.293356310339
1010,6573.792262093309
1011,13520.493341365724
1012,7519.171190347545
1013,12302.99869641384
1014,7484.83072779918
1015,11534.334574175651
1016,12446.113667426902
1017,12496.474700561206
1018,5104.671247411936
1019,10771.890436421172
1020,5902.993162019687
1021,3781.3368463446054
1022,13927.38743771408
1023,10520.145300717071
1024,5465.451600905491
1025,10284.786576080374
1026,5994.736427675525
1027,3520.479327333664
1028,5262.078100127957
1029,6645.878846825044
1030,4986.496536959799
1031,11589.325610949085
1032,12650.847205406675
1033,9179.373534893393
1034,15619.040281019836
1035,10578.203858209421
1036,8654.865968511875
1037,12232.18001892145
1038,6415.151950936308
1039,12930.573775629136
1040,4755.147849878829
1041,12614.101091145283
1042,15553.70723752996
1043,8716.871300553907
1044,5223.4302846230685
1045,4483.9906568165
1046,4785.712424211703
1047,6420.447802352475
1048,6698.232029099767
1049,2556.7659514062266
1050,5409.096257497822
1051,2385.955083851501
1052,5337.373004269463
1053,2444.202578335193
1054,8715.137112885648
1055,4369.7813225883665
1056,12541.157723076207
1057,15749.412546243984
1058,11377.972297789389
1059,7830.890473069892
1060,6212.099679856634
1061,3023.607982567345
1062,8407.871149729508
1063,14715.583343446784
1064,16573.116757808053
1065,5080.113295427241
1066,5766.055407547915
1067,6500.721579566635
1068,9583.454848589896
1069,4423.191569631442
1070,9007.555361820436
1071,11050.365360159303
1072,9203.369299143422
1073,5894.493712937746
1074,7285.137766622956
1075,9465.720666898911
1076,11532.154577090578
1077,10842.08071984328
1078,6080.980438006222
1079,11958.932455398555
1080,17256.772954586384
1081,6373.8753050022315
1082,12400.515704564299
1083,12335.16100072538
1084,6662.7719256234905
1085,12114.797023683437
1086,11828.869056619067
1087,18171.28931426897
1088,10594.206095695263
1089,11771.21189069294
1090,12634.544277826617
1091,13393.164783915523
1092,4291.1684595872375
1093,21137.354236995787
1094,13950.857994066635
1095,10107.190434610644
1096,6696.0386739708465
1097,7652.192653602282
1098,6510.95245175092
1099,4507.689486114333
1100,11385.448859753147
1101,10960.992579992133
1102,5365.687602486359
1103,3790.3147834165197
1104,6719.625205489485
1105,12345.353190788463
1106,8120.430268714244
1107,18022.31955837027
1108,13179.173610537178
1109,5998.546936048387
1110,11806.940572707885
1111,6291.322964117922
1112,4738.00501458258
1113,7741.764162498052
1114,10443.28099509716
1115,12510.477101535242
1116,6441.633748978438
1117,7705.523975396388
1118,11942.348285163956
1119,5434.437069112695
1120,19086.30818232501
1121,4307.901605689646
1122,11803.827702117924
1123,5736.336681679803
1124,4543.160512520423
1125,13049.124212833482
1126,3964.6639700838055
1127,11369.762718759868
1128,5784.887316459643
1129,4983.78292175899
1130,12633.086186760216
1131,8234.466249644327
1132,7222.828573283598
1133,9891.117462622537
1134,4985.411020286405
1135,8433.877646484041
1136,6539.484028584685
1137,8444.26987255923
1138,5779.115256276514
1139,2888.7028774446317
1140,22769.076517541816
1141,11649.666513139367
1142,6127.882210303227
1143,11036.139387650735
1144,2848.2035796544637
1145,5686.960500245003
1146,2892.645874068198
1147,2566.802383337185
1148,16907.33524953172
1149,13125.770075281376
1150,4500.891753401485
1151,4822.531218743816
1152,3808.295453480502
1153,11483.27112930165
1154,12229.646917653034
1155,2387.35901173392
1156,11945.50277589588
1157,4540.676628140683
1158,11749.301772985242
1159,3894.4242297560686
1160,3900.467484580263
1161,4245.261368457943
1162,11454.00750382479
1163,24371.71783724041
1164,8787.953518309965
1165,5154.01459600304
1166,8702.671000855442
1167,26872.52869196125
1168,3072.5639023881386
1169,4108.709206083577
1170,5165.8431163081805
1171,4593.692438590689
1172,12006.809220040845
1173,9614.939787876872
1174,8905.253266179841
1175,12051.85234830105
1176,7755.90256984688
1177,10847.022602566905
1178,5871.438497231378
1179,14847.51403315623
1180,19195.27366603809
1181,9111.286763752907
1182,10930.364135889848
1183,6713.4350307089035
1184,10284.498492485562
1185,11772.859392525887
1186,11047.631412077042
1187,3860.397598266529
1188,3860.397598266529
1189,4913.495208186473
1190,11867.964723141988
1191,14173.963298593428
1192,4614.421241070171
1193,6799.85811132782
1194,10241.528931911253
1195,4390.797274768803
1196,9090.178099066467
1197,11828.037478747057
1198,4585.008350087507
1199,2392.439951603656
1200,17890.074569710257
1201,9916.676329237767
1202,6877.47101311193
1203,10698.449610673375
1204,10772.115909612225
1205,12729.01014850293
1206,11739.895857342539
1207,9665.934485274509
1208,5320.841564517624
1209,13169.636070259949
1210,4666.951627077447
1211,12490.010943805742
1212,3193.7039270627865
1213,8533.965319432138
1214,12307.87144428204
1215,6782.123445905306
1216,10049.14051618207
1217,5052.665289071459
1218,13406.33822556898
1219,7751.626378967865
1220,9376.089497034163
1221,6694.094693765658
1222,4054.5113723744894
1223,10376.559902856075
1224,10369.597516587186
1225,11954.843371974855
1226,5533.338753692894
1227,10899.406511953764
1228,10375.059229051614
1229,16008.816569139757
1230,13572.888959973945
1231,17031.089218565638
1232,4035.0835787132773
1233,12120.161037415966
1234,17750.606965227544
1235,8633.477500356661
1236,11059.871078206901
1237,11343.533782281065
1238,7763.0852103194875
1239,11117.495929005507
1240,5046.853893078516
1241,11864.532539199896
1242,6890.694291396255
1243,11068.108441908551
1244,8432.36838971464
1245,8292.911225929434
1246,9204.478780647245
1247,3808.295453480502
1248,4973.462564424129
1249,7245.550431621065
1250,10544.606791650975
1251,10500.806351350579
1252,11117.495929005507
1253,7395.167058129676
1254,12649.552202478948
1255,6869.257217288717
1256,13755.31996686115
1257,12413.816654748223
1258,4971.894250710982
1259,6315.568047987171
1260,7848.749707992011
1261,12845.99238908477
1262,13529.355870630214
1263,11415.74591490331
1264,6418.63077332468
1265,8593.287051973117
1266,14909.209633501003
1267,12156.523430137853
1268,10616.937810195834
1269,11838.599647300038
1270,11739.46114297536
1271,13822.165887881192
1272,11018.199660918575
1273,10680.260157096756
1274,6800.832143568253
1275,11011.303964640969
1276,10127.629417352662
1277,10391.00377710393
1278,8197.968112363167
1279,13907.796175476276
1280,6924.8788716627705
1281,11371.301145872552
1282,6221.36192818481
1283,4585.251022634483
1284,8953.639105888164
1285,6714.316110880139
1286,3918.443411065082
1287,16771.232800010283
1288,12973.121112384393
1289,6817.006383378943
1290,11709.385656666416
1291,2495.254092231061
1292,12883.152902734526
1293,12281.615088258155
1294,12453.74332061566
1295,7417.786549821788
1296,6369.579274202003
1297,12117.936512630915
1298,5311.944945866407
1299,10732.228409062025
1300,2921.8036964040193
1301,11767.698333659866
1302,11632.042162144799
1303,8590.555479770097
1304,12157.961240556095
1305,13740.199066842208
1306,6274.954335554616
1307,13502.5711852514
1308,8433.486353062615
1309,12323.035607771608
1310,10460.168917748762
1311,11540.644124239801
1312,12074.951278399925
1313,12324.22802594016
1314,11014.838117492649
1315,5051.757126885613
1316,3073.0591603168778
1317,12925.527911994792
1318,11561.930764724553
1319,8041.6282551270415
1320,8482.43000199271
1321,5316.038598488361
1322,6275.401719143806
1323,4634.7043292807275
1324,4786.416645257901
1325,12639.431578446454
1326,4355.993145422614
1327,11755.808979340352
1328,6822.20405215633
1329,3701.9227658630302
1330,5446.520795899421
1331,11208.617000725522
1332,10854.504988229051
1333,7720.874818703613
1334,7657.393368000424
1335,12041.816905536167
1336,11278.74943599606
1337,12503.41684698356
1338,12717.62945466995
1339,11457.881094938635
1340,6965.796025688582
1341,11174.050419941585
1342,12622.342627551978
1343,4559.079833241266
1344,5584.74508630888
1345,11495.998253391408
1346,15354.436075993715
1347,14609.410075363148
1348,10379.10638060653
1349,12025.816919215536
1350,12897.696424252303
1351,16461.324023507244
1352,11414.26151869042
1353,5938.517446317809
1354,11683.131262686413
1355,11381.643497851986
1356,3681.5851595753898
1357,6277.699365429183
1358,6076.244264859089
1359,6114.710519845169
1360,11606.417342901022
1361,4145.20256389751
1362,11145.31069288715
1363,5930.275060767431
1364,11469.012896294202
1365,13782.035949286363
1366,3323.7066541585377
1367,11711.03930753696
1368,8928.981019995486
1369,12839.4319906817
1370,12431.977085814495
1371,9505.180716644722
1372,5835.953935182463
1373,10376.559902856075
1374,7227.35585401222
1375,10657.02807450035
1376,10065.720768715768
1377,13193.088579763837
1378,8137.324686077763
1379,9980.138160407905
1380,12746.330466645779
1381,13036.762194461298
1382,4579.029177952219
1383,5703.914655663719
1384,12102.352261953647
1385,6393.973363662003
1386,6052.894858846076
1387,8771.725407826043
1388,3797.475991551748
1389,13166.982717145984
1390,4647.813102195469
1391,4363.686887197547
1392,7726.267617778219
1393,5825.1516398420545
1394,11695.48230922457
1395,6271.760951331478
1396,6596.968565788319
1397,6312.485043840475
1398,3019.591928572311
1399,10291.41724801889
1400,7478.2709741331355
1401,2252.3051747242334
1402,4258.191185995869
1403,7766.724794946091
1404,9787.493510678962
1405,6272.260642456454
1406,5257.199053858735
1407,3112.862244540252
1408,13499.656825691312
1409,3681.5851595753898
1410,12156.03178728319
1411,3978.357805297902
1412,12109.003731219549
1413,6455.71695310947
1414,9148.514920183494
1415,11966.86052759441
1416,14644.956378380492
1417,18743.917135804597
1418,30948.05919285144
1419,12600.6202938056
1420,12077.410959630268
1421,12752.306877437199
1422,10577.53239105178
1423,4588.213008537133
1424,12331.359529645337
1425,7294.3894366325685
1426,16226.108399023367
1427,3079.2655621448707
1428,5335.818387706174
1429,4543.160512520423
1430,10647.11601910481
1431,10640.2750485429
1432,8588.789209147486
1433,11562.501815046651
1434,14728.723928197149
1435,8125.360275962485
1436,11707.482569107913
1437,5633.365750229993
1438,4842.085445212487
1439,8231.660801954784
1440,5881.872247534065
1441,3759.3352440547537
1442,11323.772117331559
1443,11787.107066722705
1444,4222.7288213065885
1445,5259.275665458547
1446,4401.484328066594
1447,4187.472572154037
1448,8161.90884185522
1449,12162.16869426502
1450,6983.3618073132975
1451,11198.108082094663
1452,4716.515080709951
1453,3667.6572045080134
1454,15584.525298700994
1455,6419.47136686059
1456,12676.657464408217
1457,11613.027603824612
1458,11869.424797780768
1459,10553.128475942513
1460,10468.019211677416
1461,16632.346140550733
1462,11565.911994044365
1463,6545.6173846907795
1464,4245.343410815278
1465,5588.194891413561
1466,4312.516172144725
1467,6001.955639534905
1468,10917.55760404357
1469,17966.863227704605
1470,15659.583621138012
1471,12138.36720921128
1472,12296.53848237209
1473,9452.787358678368
1474,13980.952574216904
1475,3936.398565901408
1476,4656.5414763768085
1477,3853.264816177199
1478,10802.276251506759
1479,12139.734246817272
1480,8073.931385994642
1481,6307.44451717015
1482,11785.596257662306
1483,13739.895635789751
1484,12400.566305766424
1485,4849.202921747892
1486,3972.560599801775
1487,8732.13047119027
1488,11203.254218230693
1489,7355.625648463368
1490,15158.543270647255
1491,9352.196171202733
1492,7904.650847835002
1493,5621.256979609326
1494,14229.226050424822
1495,3063.1662653470303
1496,10063.355548576821
1497,7570.424684019291
1498,14386.106135338166
1499,11514.702888916305
1500,24143.26272825603
1501,12765.984141205885
1502,4443.490425792385
1503,14929.280416206897
1504,10553.128475942513
1505,12014.36884910318
1506,4477.260987620656
1507,11095.925088605056
1508,15108.268703079644
1509,5317.482001669369
1510,7149.996994153442
1511,13960.904690265337
1512,12008.989989155676
1513,7767.520070412609
1514,3998.882168405764
1515,12735.057509265387
1516,17397.66163354046
1517,11744.568298208414
1518,12476.014463943504
1519,4653.91201604987
1520,4668.541571877559
1521,4325.936690227274
1522,3808.295453480502
1523,4219.316804269156
1524,13593.507760300943
1525,12475.748816647962
1526,6676.527096472106
1527,18576.555184461646
1528,4807.96108998544
1529,12065.949913106537
1530,4115.641329444621
1531,3944.435032143753
1532,10410.483485322191
1533,4620.12355739497
1534,6351.118245681541
1535,4703.098968117371
1536,13120.464682924634
1537,12474.192789974222
1538,8541.761469971298
1539,14224.08670837101
1540,6660.734926516032
1541,6140.114763160566
1542,11647.28160966957
1543,5195.937233851865
1544,6061.981467149278
1545,11660.164009030685
1546,9849.154925882467
1547,11141.543936918924
1548,8103.417949780151
1549,7904.620789639204
1550,12212.77651350545
1551,7971.351840053288
1552,6742.522066441182
1553,10912.155102681138
1554,11474.08885425392
1555,14287.839592344799
1556,18811.864972487478
1557,11870.054522530962
1558,12479.411210778644
1559,11970.26187543778
1560,13982.495183390862
1561,18094.8085482351
1562,4621.732305839321
1563,11868.816666855153
1564,8061.989858370537
1565,7006.07818565547
1566,4547.346588641383
1567,10505.647457064053
1568,5846.356415475209
1569,9241.915720951987
1570,11405.11092476386
1571,3866.1580454329182
1572,2551.0587819305156
1573,8519.968968167448
1574,8994.57811783477
1575,8542.455252049156
1576,6480.018113414478
1577,11564.91217129247
1578,6541.034854175441
1579,11523.796842664973
1580,4919.063619004886
1581,11514.052668858385
1582,12116.23869537659
1583,11922.931925713383
1584,11117.889695840793
1585,12671.835862367254
1586,10606.269203631216
1587,4118.951116596037
1588,2537.450948796646
1589,4347.543682122583
1590,6056.397419079683
1591,8516.47669492233
1592,12284.69044513844
1593,18456.083303136038
1594,4218.180507318183
1595,11179.411082480565
1596,11559.649672480671
1597,12084.065606532116
1598,12257.404876129249
1599,11929.506595296942
1600,3810.4314422484304
1601,4579.152557609278
1602,13773.620434062655
1603,12223.329485830584
1604,8159.3573252518045
1605,8005.930802715006
1606,6184.687315273699
1607,7092.34388896849
1608,9576.747712913286
1609,12240.87636674909
1610,11848.969470804464
1611,6391.244626171261
1612,9549.223071047183
1613,3951.020766931855
1614,8772.20656499763
1615,3045.1243889286784
1616,3896.385010413833
1617,5565.667045567237
1618,6333.382108574956
1619,8501.106365612539
1620,9712.364604899016
1621,5984.270155872874
1622,30616.073877434348
1623,12169.098985100578
1624,2556.966348178335
1625,4068.3324152958357
1626,12235.374309851677
1627,6901.514230293612
1628,11619.188925699922
1629,9589.977617157647
1630,11544.827451473822
1631,15360.123378283399
1632,12163.92994058364
1633,11870.054522530962
1634,12037.54048881825
1635,8187.352028574116
1636,12579.613484206418
1637,10143.682104027546
1638,4138.519903777393
1639,10879.275852815852
1640,25226.82035391153
1641,4690.870959290311
1642,5147.284926807197
1643,12222.75711680795
1644,3681.5851595753898
1645,12845.233833786622
1646,5305.190481184871
1647,6363.949398826603
1648,11619.188925699922
1649,11460.236206197107
1650,5385.900236097568
1651,4346.999363927391
1652,13008.22028153113
1653,4571.083754841037
1654,6290.130435117718
1655,13068.537361559254
1656,5445.546180173218
1657,3997.67642649164
1658,16319.767272868017
1659,12484.2678465963
1660,10024.814032859616
1661,10935.267748592873
1662,13200.006278792882
1663,5931.563133888684
1664,10381.276997595844
1665,9706.122572277694
1666,4594.748658885532
1667,6308.043259422735
1668,13490.592620388086
1669,15640.538384973148
1670,3898.0422431541397
1671,5574.217864457799
1672,10117.110845885809
1673,12392.751133178923
1674,4767.522785187018
1675,10765.41861737273
1676,17887.31518106668
1677,12417.338390488669
1678,11920.862569938401
1679,6118.554155273807
1680,5424.616858102548
1681,4477.260987620656
1682,12346.138412240087
1683,12363.19618696577
1684,8882.205590571952
1685,8362.611871444093
1686,13173.033389466878
1687,6096.782959622781
1688,6098.630758936848
1689,11254.003471068681
1690,15153.02378845501
1691,5738.012080594789
1692,11864.532539199896
1693,11121.913227066543
1694,12190.509906714075
1695,6144.172674899528
1696,2084.234917445156
1697,5284.111276612953
1698,16315.990005750347
1699,5050.106607320418
1700,12433.802287526329
1701,8246.08458055106
1702,3866.4358274571264
1703,12258.035547600417
1704,6543.979770177606
1705,5425.410564523554
1706,10567.445931023038
1707,10370.770993245018
1708,12258.727450745595
1709,10155.574924113193
1710,10899.634596248507
1711,9636.87584682434
1712,16704.670819929386
1713,5650.5705535599245
1714,6064.948350852862
1715,12588.322370191056
1716,8905.135893238743
1717,2537.450948796646
1718,11549.037752657046
1719,6445.0969528476635
1720,4209.6847213249275
1721,2189.1137660258323
1722,12036.940638668348
1723,16981.477816323986
1724,12189.730629937956
1725,12441.233653130992
1726,9997.903340462379
1727,9396.473853568534
1728,17063.758291824874
1729,6634.159186921946
1730,6201.121994315849
1731,10299.371268738001
1732,2707.7677012122226
1733,11548.637416597858
1734,8647.381361860495
1735,13167.210254663456
1736,12585.422483544207
1737,11676.34540810864
1738,15029.39606190617
1739,3323.928547233051
1740,8270.79336885755
1741,12717.324093556672
1742,7569.660304983891
1743,12599.449366900384
1744,13915.162268224405
1745,2162.5106818881477
1746,5473.202592050056
1747,12154.482398985752
1748,6442.989498024496
1749,15039.275691080536
1750,11120.62442727316
1751,8667.190613788065
1752,9201.541755672044
1753,14909.209633501003
1754,4491.543047996642
1755,9349.391716983484
1756,13412.40561803909
1757,4814.6618856925015
1758,6388.420002357871
1759,11548.159506565016
1760,12413.592989272118
1761,6802.384092694655
1762,7669.376492142937
1763,6442.434643848717
1764,14095.203063987343
1765,6228.645066777014
1766,4457.58187638172
1767,8583.419098960538
1768,4515.419266765975
1769,4741.392584548299
1770,7033.62010076434
1771,14965.935205717431
1772,6221.4318755275035
1773,3742.966430645966
1774,5658.023891305332
1775,11748.816289153721
1776,6397.7596755216055
1777,7522.6443251617975
1778,4422.895415577694
1779,6249.505791700239
1780,3060.6530469183285
1781,11342.412557888129
1782,6429.347053076835
1783,11457.881094938635
1784,4551.159036058793
1785,14316.904713681823
1786,4118.951116596037
1787,6198.724921203422
1788,12950.319518245673
1789,7669.8110418347815
1790,4499.298401677074
1791,4644.550520712511
1792,13170.112256366241
1793,6845.339184940745
1794,10449.501121108444
1795,12462.3359707271
1796,4421.726669124841
1797,12280.563109682327
1798,12129.182658697271
1799,6092.201781991152
1800,2359.280817032765
1801,4683.394403431285
1802,29565.528761944253
1803,4557.632206118267
1804,10471.484636812675
1805,10602.50768306568
1806,11976.63326258282
1807,10752.800757988407
1808,3681.5851595753898
1809,12763.769401802332
1810,6957.997715224433
1811,6779.201668471959
1812,10789.058610252048
1813,11837.836518262497
1814,4591.721963776294
1815,12548.064771343463
1816,13972.520441694971
1817,11911.397749090753
1818,5921.543846033055
1819,10675.234413713642
1820,4843.022262843627
1821,3890.5307869478174
1822,10900.298641960377
1823,6184.071090479983
1824,9255.549983205814
1825,12059.765162141908
1826,6951.3667640724425
1827,4392.663319956396
1828,5350.788218480671
1829,7720.42391345206
1830,11549.532791014299
1831,12389.315858382435
1832,5741.672707534723
1833,4664.883195510812
1834,12311.972517245164
1835,9134.961234897335
1836,12187.016016168533
1837,4932.380506737053
1838,9168.075673779182
1839,16113.671873040483
1840,11496.299800833645
1841,7877.889525690776
1842,7437.602851512144
1843,5361.990285403481
1844,6962.725438560431
1845,8142.345649540286
1846,16027.863180056564
1847,12633.638212213364
1848,12500.331720758457
1849,12523.941043549856
1850,11773.572509869993
1851,12511.969775196516
1852,13486.735183077937
1853,4452.8625863061225
1854,6660.770804555498
1855,10627.265248946813
1856,3096.751023133679
1857,3619.762231756755
1858,9252.096660016266
1859,17158.04322036353
1860,10771.890436421172
1861,12322.259497641398
1862,6313.122643410784
1863,10204.190921066565
1864,10279.49269632552
1865,3860.397598266529
1866,9068.171695308858
1867,12237.191100431912
1868,11756.806193481585
1869,9688.666864234954
1870,5321.835089511418
1871,7853.8594185290485
1872,4570.2052876186335
1873,6442.150895753472
1874,6437.269730836211
1875,4015.490998411276
1876,11642.811715767266
1877,15625.122036541805
1878,10823.495340109075
1879,14182.126653127512
1880,11983.03132064678
1881,4619.366904939467
1882,2556.966348178335
1883,3853.241960826486
1884,6200.271159551494
1885,2831.261931184995
1886,9019.500828188564
1887,2728.669573473039
1888,12215.084967392915
1889,12592.96749518396
1890,9361.014887701996
1891,11795.782164571032
1892,14959.806204417673
1893,9221.04317915842
1894,10838.921583029993
1895,8415.944888421212
1896,10689.59059565144
1897,12360.59804024588
1898,7574.196522448705
1899,12684.173060103523
1900,4025.7853981060175
1901,5388.840015979726
1902,12275.420198288179
1903,8280.36722775058
1904,11633.37038769034
1905,12338.192631321253
1906,4564.061260831888
1907,3781.3368463446054
1908,7075.2247196033695
1909,3055.574901560359
1910,32344.338923574993
1911,12693.108786287918
1912,4004.189423124414
1913,12480.223940189146
1914,11613.477640489655
1915,5701.338215964289
1916,14728.723928197149
1917,10475.026011768723
1918,12352.357337452982
1919,4073.698413741765
1920,11901.8442684988
1921,13152.034161976513
1922,5684.62771471489
1923,7160.627800107911
1924,9737.791973385129
1925,12643.784621834231
1926,13370.49948281534
1927,6421.2177902127305
1928,4743.049520902036
1929,12266.281402567187
1930,12183.378736476718
1931,2836.5087063895035
1932,9276.827098914026
1933,6797.581126665392
1934,5410.465480041047
1935,8981.819204936472
1936,4672.111495187558
1937,11707.482569107913
1938,6502.711807469013
1939,3772.195448422345
1940,12280.781897225788
1941,8986.08706324806
1942,14515.8842928094
1943,12337.71095004617
1944,8027.415443198644
1945,17084.24424951944
1946,5286.122408512953
1947,8892.976644378463
1948,5953.302268094469
1949,8656.174551381238
1950,5659.646223640638
1951,9418.850891649687
1952,10849.567924826943
1953,7759.8786949640125
1954,9677.377494284961
1955,13798.810280969834
1956,12527.05954994148
1957,11784.99078347127
1958,7371.604141184989
1959,15548.821347357354
1960,6213.567367914899
1961,11745.666283947885
1962,10577.53239105178
1963,5526.555809883433
1964,4659.99224611864
1965,7192.369248426413
1966,4889.678730867772
1967,5902.544201010979
1968,14116.258395419001
1969,9341.431867437843
1970,6577.605263381491
1971,6111.457850904749
1972,10332.876132008274
1973,13322.157916796026
1974,3838.938386837812
1975,13472.100525333515
1976,5168.168562838305
1977,4688.309035389359
1978,13167.210254663456
1979,11167.431523554473
1980,18749.911317847324
1981,8601.044794099142
1982,4201.1118508276495
1983,12305.014333909854
1984,5375.993109768412
1985,13074.494242531458
1986,11432.576345782607
1987,7732.017174185303
1988,7564.228678426977
1989,8470.942764750691
1990,6524.706974060387
1991,11222.06232534279
1992,6545.204719246648
1993,13731.893562594641
1994,9185.138229492897
1995,11973.670716072109
1996,4684.594478593216
1997,13961.57033787826
1998,5470.675491776753
1999,9481.285828845099
2000,3745.680045846776
2001,8061.546716945622
2002,13238.3141984938
2003,5226.747604327534
2004,4565.64136613235
2005,3913.70405415894
2006,8109.526990803797
2007,12156.03178728319
2008,10357.66352136611
2009,12171.838383169556
2010,12398.9898354134
2011,7922.9891124976675
2012,6412.538627633454
2013,4720.1270049752475
2014,5648.4220151865775
2015,17091.236182386354
2016,6329.677242297751
2017,5101.716711816195
2018,9361.45325286837
2019,6464.011638055689
2020,7915.086899345541
2021,12316.940050106885
2022,3171.8907450731663
2023,3755.7506012087506
2024,9807.549614227053
2025,4626.762457080932
2026,6141.226568222904
2027,6519.258958550121
2028,5073.57481684935
2029,12181.43663220969
2030,4216.7790885592385
2031,5781.806995073635
2032,5738.012080594789
2033,12361.77668385745
2034,5540.433496278295
2035,6217.356725641055
2036,6200.271159551494
2037,6031.290722224205
2038,6187.697087655144
2039,11529.892760587787
2040,10430.800248470412
2041,6097.604298463781
2042,11523.796842664973
2043,8803.300103599606
2044,10971.932836515703
2045,9100.905462402889
2046,11944.521425167224
2047,6928.94363386209
2048,9833.274971505996
2049,10766.362115295322
2050,4008.583446702594
2051,3648.2539795515477
2052,8746.96099897221
2053,16678.12860739078
2054,4276.534782645388
2055,11562.564134105336
2056,7825.667371106798
2057,10732.534805367715
2058,2566.802383337185
2059,13017.906929623296
2060,12446.113667426902
2061,12240.87636674909
2062,2495.254092231061
2063,6306.627331729365
2064,10048.999943170696
2065,12432.180286984567
2066,9049.251362445495
2067,4503.908085724058
2068,5930.275060767431
2069,10387.93429747241
2070,5611.41773946354
2071,6443.716710040933
2072,12636.364503325041
2073,5958.178531765037
2074,4633.698424238065
2075,6376.316207135476
2076,5937.449730063763
2077,12087.60787344569
2078,6814.92063458392
2079,6325.950762890033
2080,11768.994602872332
2081,8833.055281657767
2082,9337.869114238336
2083,11867.964723141988
2084,6844.637717117259
2085,19220.92256534686
2086,14890.459593832547
2087,12473.348667856311
2088,11828.14868326744
2089,3937.675898318614
2090,12510.284059180482
2091,5807.437425625329
2092,5931.563133888684
2093,11653.996203835855
2094,3667.6572045080134
2095,12597.377596977218
2096,28962.886199102788
2097,5071.35089084566
2098,8476.276056237315
2099,13018.802811936843
2100,11407.131598507713
2101,13519.034215156422
2102,6714.881746408578
2103,7592.629916028529
2104,4323.234111152298
2105,6395.501830166653
2106,6533.572957586949
2107,4399.682673401186
2108,2861.585209739286
2109,9890.949421038471
2110,8887.584528103169
2111,6382.826290418463
2112,6683.23697226496
2113,11186.547377756386
2114,9853.139277509803
2115,10784.565872096417
2116,10025.509116521645
2117,12009.10861676926
2118,5108.753721578367
2119,16872.326893480757
2120,12517.607134354645
2121,8396.749493462654
2122,5122.812247648834
2123,10388.249133555631
2124,4629.013098146467
2125,13886.516317613747
2126,12339.996919188494
2127,5543.054499834986
2128,6232.121821457361
2129,2853.4918340774075
2130,4476.640907768664
2131,11445.131714414822
2132,6679.305118792961
2133,5281.122567598214
2134,5009.018302072706
2135,12284.69044513844
2136,6803.1387300613405
2137,4570.376387793474
2138,7631.038451942767
2139,12458.026311519985
2140,11610.945854618418
2141,2442.135930796878
2142,5758.798345650356
2143,3994.0792023765007
2144,12292.916656215166
2145,9268.2398366828
2146,4167.798106918075
2147,5958.599799912944
2148,12313.197865551194
2149,7971.98362810279
2150,4156.410922855268
2151,9506.02190904221
2152,5316.038598488361
2153,2368.8250739350046
2154,7595.036273000797
2155,13085.775076482456
2156,11843.643255111023
2157,19420.389254410507
2158,18537.117467787568
2159,11467.90842280779
2160,5562.100612936041
2161,10289.298803766202
2162,6223.97921559418
2163,12523.54561070416
2164,11553.397650272089
2165,6459.71819448798
2166,8640.152447574816
2167,12203.893979434099
2168,6986.471083502508
2169,2632.9441774304933
2170,10869.592759613828
2171,13773.620434062655
2172,4651.98628626197
2173,12875.439938142925
2174,6163.541975656773
2175,12568.235788247395
2176,8764.03428150358
2177,11524.417709010362
2178,6255.079510747493
2179,6332.308349672657
2180,6143.56017730752
2181,10384.73675691141
2182,12589.100366267514
2183,12449.344900261081
2184,6983.511007244782
2185,9296.075741180934
2186,8416.176046403982
2187,12687.30259932378
2188,13902.848321994166
2189,12849.32026672626
2190,6495.242326257166
2191,4026.613698263551
2192,6759.592597369509
2193,8175.355848993318
2194,11825.056883000849
2195,20498.108399812096
2196,12597.608087247361
2197,5254.701087819689
2198,5945.757026507367
2199,2556.7659514062266
2200,12443.166463416297
2201,12335.16100072538
2202,17292.560177160834
2203,12462.122520470419
2204,6693.916091096601
2205,7979.721097951904
2206,4194.663079260389
2207,18037.10961612249
2208,5595.338676777698
2209,10633.835164333042
2210,3631.819148597504
2211,13072.841312696115
2212,11590.44429898843
2213,6787.781877246323
2214,11258.761394537321
2215,6201.8437621116755
2216,12512.462748645887
2217,3874.148181195583
2218,5792.679113504794
2219,12747.881552659637
2220,8782.95373831443
2221,10555.554631642352
2222,12920.91291199
2223,12483.199206999867
2224,3913.060283555524
2225,6419.47136686059
2226,11216.178513601639
2227,6383.62649967584
2228,8937.351056563026
2229,15388.63674941656
2230,10557.271113863355
2231,11062.82569608381
2232,11883.646743485993
2233,6279.590914261787
2234,8080.439190182884
2235,9160.71735647618
2236,11925.785685963729
2237,13924.668639305053
2238,3694.0487553095177
2239,7891.5922177756465
2240,6026.876374266723
2241,10812.280780668529
2242,12502.279542569171
2243,5090.6258130542155
2244,2198.658022928072
2245,12148.357819991232
2246,10509.304585200012
2247,4090.900365145187
2248,11978.141283577314
2249,4356.257658837606
2250,5454.473915364707
2251,13739.2524372336
2252,10368.424814198028
2253,11681.421952995926
2254,6125.506924682067
2255,3468.1427488994104
2256,6081.674916709485
2257,12291.066746128861
2258,11920.089736376913
2259,12169.386172818431
2260,5995.146141313667
2261,15710.120664624785
2262,2252.3051747242334
2263,11588.825898267238
2264,10291.41724801889
2265,12064.174472935236
2266,3696.428588242793
2267,10848.27262608825
2268,6442.150895753472
2269,4670.7110081754545
2270,10789.780962915323
2271,6148.7695293707775
2272,12432.180286984567
2273,13980.952574216904
2274,7973.796258738665
2275,11755.68631667529
2276,11613.461656532645
2277,5145.768578499095
2278,11338.269338601978
2279,6278.90166337603
2280,5479.138230588817
2281,7626.962572987398
2282,12887.744644032957
2283,7691.387802402373
2284,11471.697265918872
2285,14720.39474457273
2286,12495.474970990286
2287,4233.877359102504
2288,7110.465859056457
2289,10904.341658779545
2290,11319.264384309994
2291,8511.472718708996
2292,5560.585954102992
2293,10920.42054281602
2294,12250.39467397724
2295,6384.383922317492
2296,10497.044412509067
2297,7690.736000544467
2298,16481.181193155022
2299,11970.00962440901
2300,12321.098486719902
2301,11166.10531000357
2302,10875.853814477101
2303,6659.937200658456
2304,12364.26479309147
2305,4114.178019284711
2306,7098.842816756071
2307,8507.124980343358
2308,11430.76619163867
2309,8401.97244768114
2310,9890.949421038471
2311,2854.2791759294405
2312,12478.291953517986
2313,8221.240142121751
2314,13773.620434062655
2315,10118.248344709811
2316,4799.434780428245
2317,3634.532763798314
2318,9428.726277300215
2319,7430.598767339256
2320,6763.460272264162
2321,8380.189043556706
2322,5615.760930806555
2323,12567.65450870305
2324,12523.626075645223
2325,4697.813127747427
2326,12165.0005578979
2327,22550.476801713874
2328,12784.501479101009
2329,5112.343931253237
2330,9387.793604845689
2331,12960.764496444372
2332,13064.813280958082
2333,5326.607357300941
2334,11613.461656532645
2335,6829.3071505232
2336,12812.236114202642
2337,12073.077629918698
2338,4569.205576522522
2339,16185.23535557496
2340,12096.946399192575
2341,17399.469699391688
2342,12657.335223576343
2343,2254.6145554452864
2344,8190.324966953605
2345,5364.38590597031
2346,12020.80701072557
2347,6985.442799429872
2348,11638.687380762563
2349,11559.649672480671
2350,10913.582481356842
2351,12552.012740286169
2352,6240.521551403093
2353,6378.1325089976235
2354,12353.421564178987
2355,7436.5563563492515
2356,4324.624972658655
2357,3087.1063071075696
2358,18802.299797930038
2359,23048.812662681154
2360,13679.611927867001
2361,4470.2273311002555
2362,10320.459392133504
2363,8555.881425587218
2364,4441.847068803421
2365,11973.670716072109
2366,12079.393561200584
2367,13311.921087651384
2368,10834.089117129306
2369,4393.505106134112
2370,5047.674652719182
2371,5772.080171680746
2372,12238.95007250541
2373,12001.063627045718
2374,11721.520539517345
2375,6848.415557275686
2376,13273.111973214409
2377,7828.574813242311
2378,5436.043849092891
2379,14881.986168309108
2380,4078.763826333968
2381,4511.076911544655
2382,3879.3493774273793
2383,5738.211230649207
2384,4145.20256389751
2385,12199.785703543621
2386,7636.80552108952
2387,3292.656514091633
2388,12330.871491861966
2389,11910.309247941872
2390,10974.082784401127
2391,15381.836985998672
2392,12649.316549168749
2393,8648.751941645842
2394,16112.374123915566
2395,14129.158814791186
2396,5166.332540287223
2397,12183.584810656284
2398,2734.7348582317954
2399,6541.3370860285395
2400,12218.32482185335
2401,9050.538932093188
2402,12122.283715422534
2403,4653.860977629347
2404,14671.891444787318
2405,2740.258739338436
2406,12699.77417798264
2407,12538.192338282937
2408,8594.412706774574
2409,8494.4950711799
2410,7518.976316374353
2411,4619.271078973652
2412,8782.033963291482
2413,2349.3665075468853
2414,6179.481950505506
2415,4393.117500934469
2416,15856.890888852631
2417,4240.480746975366
2418,11373.554632578986
2419,7045.294134080397
2420,12171.838383169556
2421,4277.457128858171
2422,15648.096050979488
2423,6375.497623039447
2424,10743.13124630777
2425,6947.858638604727
2426,13303.253756162576
2427,3667.6572045080134
2428,12422.17444668397
2429,12335.16100072538
2430,5884.529556557496
2431,9536.67908940346
2432,9231.955231789096
2433,12478.291953517986
2434,6767.404723663065
2435,16340.028690287876
2436,3242.568366280999
2437,12340.265493775052
2438,26834.387193380397
2439,4390.596436427054
2440,12095.57559908662
2441,6620.698034534367
2442,12116.347588223402
2443,4384.7249541432175
2444,12144.724328651406
2445,10607.110376759032
2446,3166.968345418149
2447,4136.337418796068
2448,9031.051781290542
2449,6872.185754159799
2450,7567.514385106516
2451,7442.8956337429245
2452,6551.28867424904
2453,14761.734178353354
2454,5278.084842266342
2455,12685.635750373434
2456,6172.589903317786
2457,6414.432248886911
2458,8728.31036741237
2459,4443.448304769559
2460,10902.491769975297
2461,7235.059763765182
2462,16585.65827788412
2463,15096.627759194625
2464,13416.034669540137
2465,4896.516798176332
2466,12457.767357720571
2467,3733.4190303031382
2468,5316.759090351193
2469,10627.29397327017
2470,12416.853580296474
2471,14803.347739936837
2472,9808.508242094389
2473,8912.221592610902
2474,4169.080215169051
2475,8739.612412576405
2476,15561.81912948453
2477,3171.8907450731663
2478,12254.804275122087
2479,8278.52619706633
2480,12772.960175616889
2481,6191.960466819451
2482,4729.859949323192
2483,2834.0829620103946
2484,10946.216314303572
2485,6813.473783292768
2486,12046.062742991067
2487,19534.67848611
2488,14177.023330503464
2489,6958.2893982383575
2490,15646.844868617518
2491,13402.838768079322
2492,17214.327099965183
2493,7725.983680708115
2494,11750.37177317533
2495,3826.152839327029
2496,16935.503162541743
2497,3776.485690246443
2498,15100.676944738816
2499,8025.719358130921
2500,5060.53234111037
2501,2778.9417606121006
2502,4698.884414309729
2503,11787.107066722705
2504,3898.112283468071
2505,2778.9417606121006
2506,6913.387815258723
2507,7936.296779562376
2508,12052.089041859212
2509,10854.853334835077
2510,10964.039967765984
2511,12315.11089070442
2512,5373.847485428763
2513,14807.003371864468
2514,4191.093146832567
2515,9004.739883560565
2516,12883.653146777488
2517,5913.393762881803
2518,6547.494883663189
2519,14412.026253187283
2520,6251.053749595838
2521,11631.952452770784
2522,4000.4322098538382
2523,10118.248344709811
2524,13121.738907319974
2525,6694.481981850226
2526,2721.506120337574
2527,13753.55997148884
2528,3884.6876186525883
2529,12610.664353473545
2530,10193.506409265265
2531,13644.18071805859
2532,3089.226636958948
2533,12899.698742506613
2534,6419.217860400388
2535,5231.805164763689
2536,11174.050419941585
2537,11235.96234452704
2538,8768.068947274838
2539,5019.129731204104
2540,12910.328756902556
2541,6702.138140543113
2542,6163.854743716519
2543,3873.554756836419
2544,3829.1416509370056
2545,11598.037879365975
2546,5849.021719472823
2547,8630.140328418442
2548,4203.576000874323
2549,12510.477101535242
2550,5410.543455828567
2551,4493.002991024085
2552,6166.474432330673
2553,12258.727450745595
2554,3654.6494226302248
2555,3086.9111253196415
2556,10833.91838965696
2557,4490.346170020825
2558,8223.684945566547
2559,2349.3665075468853
2560,11095.925088605056
2561,12473.709857975804
2562,11024.123733722305
2563,9525.563559486816
2564,18742.86266166246
2565,6128.956995494433
2566,4416.9323132457275
2567,2887.500541530405
2568,14173.963298593428
2569,20196.648977458626
2570,2880.463531768233
2571,10341.442205163516
2572,4635.7246068596205
2573,9553.832179051145
2574,16196.553138086554
2575,12575.989600121256
2576,4605.85952510826
2577,10844.47853161854
2578,14436.88982155604
2579,6217.856782471302
2580,4713.639258041385
2581,27676.91142705976
2582,12041.816905536167
2583,6052.048982694247
2584,4500.140603821497
2585,13971.705041913247
2586,14194.700475878613
2587,7404.08170004273
2588,5140.015363885887
2589,12847.351584337015
2590,4610.349140152766
2591,6703.273342129236
2592,10645.068214757153
2593,11816.164099516911
2594,11968.787768859065
2595,3807.4671533229684
2596,7948.577272343558
2597,4391.540356494051
2598,12982.605217598722
2599,8423.828412967767
2600,8073.08034990359
2601,6901.075741012755
2602,13972.78921968282
2603,8442.432301213665
2604,8959.189560738021
2605,6839.280404904001
2606,11420.733530228355
2607,16890.76431106304
2608,5342.1624461969
2609,2556.7659514062266
2610,3735.935369716369
2611,9460.896820375328
2612,16329.884022768278
2613,3808.295453480502
2614,4387.882821226244
2615,20393.368971259373
2616,4356.257658837606
2617,6968.652118336281
2618,12656.849838115055
2619,9211.862235439605
2620,12463.9112382059
2621,6047.4259529287365
2622,6630.061513011351
2623,6938.826100057174
2624,3668.14032764723
2625,6225.5489883474265
2626,5542.784605238581
2627,12263.053480243278
2628,8387.123359527399
2629,4279.080242877671
2630,6792.945983098339
2631,13106.318080316212
2632,4707.106788149788
2633,4422.849956877157
2634,6167.454587342876
2635,10570.176281730368
2636,25424.924109555745
2637,6480.538763972964
2638,8704.515176403645
2639,9676.702041848604
2640,4335.366310118286
2641,12077.410959630268
2642,12836.844529489881
2643,11457.41061768005
2644,10611.589515620393
2645,13257.254792017857
2646,15744.77942814283
2647,13074.885399657713
2648,5115.412989611932
2649,3710.5887562704174
2650,12269.859481188465
2651,12560.59883629623
2652,12629.786279476783
2653,12486.438638955582
2654,14736.226828822513
2655,8110.423266503428
2656,11797.784292937311
2657,9243.65054968251
2658,11336.797436149098
2659,14104.124576839296
2660,8119.909421782049
2661,9031.051781290542
2662,3182.527858663581
2663,8013.019049783249
2664,8405.057562649561
2665,2198.658022928072
2666,9382.984025636682
2667,4604.780934887306
2668,17105.971161144174
2669,13520.170034011035
2670,8696.8856677758
